chapter,verse,word
1,1,ΠΑΥΛΟΣ
1,1,ΑΠΟΣΤΟΛΟΣ
1,1,ΟΥΚ
1,1,ΑΠΟ
1,1,ΑΝΘΡΩΠΩΝ
1,1,ΟΥΔΕ
1,1,ΔΙΑ
1,1,ΑΝΘΡΩΠΟΥ
1,1,ΑΛΛΑ
1,1,ΔΙΑ
1,1,ΙΗΣΟΥ
1,1,ΧΡΙΣΤΟΥ
1,1,ΚΑΙ
1,1,ΘΕΟΥ
1,1,ΠΑΤΡΟΣ
1,1,ΤΟΥ
1,1,ΕΓΕΙΡΑΝΤΟΣ
1,1,ΑΥΤΟΝ
1,1,ΕΚ
1,1,ΝΕΚΡΩΝ
1,2,ΚΑΙ
1,2,ΟΙ
1,2,ΣΥΝ
1,2,ΕΜΟΙ
1,2,ΠΑΝΤΕΣ
1,2,ΑΔΕΛΦΟΙ
1,2,ΤΑΙΣ
1,2,ΕΚΚΛΗΣΙΑΙΣ
1,2,ΤΗΣ
1,2,ΓΑΛΑΤΙΑΣ
1,3,ΧΑΡΙΣ
1,3,ΥΜΙΝ
1,3,ΚΑΙ
1,3,ΕΙΡΗΝΗ
1,3,ΑΠΟ
1,3,ΘΕΟΥ
1,3,ΠΑΤΡΟΣ
1,3,ΚΑΙ
1,3,ΚΥΡΙΟΥ
1,3,ΗΜΩΝ
1,3,ΙΗΣΟΥ
1,3,ΧΡΙΣΤΟΥ
1,4,ΤΟΥ
1,4,ΔΟΝΤΟΣ
1,4,ΕΑΥΤΟΝ
1,4,ΠΕΡΙ
1,4,ΤΩΝ
1,4,ΑΜΑΡΤΙΩΝ
1,4,ΗΜΩΝ
1,4,ΟΠΩΣ
1,4,ΕΞΕΛΗΤΑΙ
1,4,ΗΜΑΣ
1,4,ΕΚ
1,4,ΤΟΥ
1,4,ΑΙΩΝΟΣ
1,4,ΤΟΥ
1,4,ΕΝΕΣΤΩΤΟΣ
1,4,ΠΟΝΗΡΟΥ
1,4,ΚΑΤΑ
1,4,ΤΟ
1,4,ΘΕΛΗΜΑ
1,4,ΤΟΥ
1,4,ΘΕΟΥ
1,4,ΚΑΙ
1,4,ΠΑΤΡΟΣ
1,4,ΗΜΩΝ
1,5,ΩΙ
1,5,Η
1,5,ΔΟΞΑ
1,5,ΕΙΣ
1,5,ΤΟΥΣ
1,5,ΑΙΩΝΑΣ
1,5,ΤΩΝ
1,5,ΑΙΩΝΩΝ
1,5,ΑΜΗΝ
1,6,ΘΑΥΜΑΖΩ
1,6,ΟΤΙ
1,6,ΟΥΤΩΣ
1,6,ΤΑΧΕΩΣ
1,6,ΜΕΤΑΤΙΘΕΣΘΕ
1,6,ΑΠΟ
1,6,ΤΟΥ
1,6,ΚΑΛΕΣΑΝΤΟΣ
1,6,ΥΜΑΣ
1,6,ΕΝ
1,6,ΧΑΡΙΤΙ
1,6,ΧΡΙΣΤΟΥ
1,6,ΕΙΣ
1,6,ΕΤΕΡΟΝ
1,6,ΕΥΑΓΓΕΛΙΟΝ
1,7,Ο
1,7,ΟΥΚ
1,7,ΕΣΤΙΝ
1,7,ΑΛΛΟ
1,7,ΕΙ
1,7,ΜΗ
1,7,ΤΙΝΕΣ
1,7,ΕΙΣΙΝ
1,7,ΟΙ
1,7,ΤΑΡΑΣΣΟΝΤΕΣ
1,7,ΥΜΑΣ
1,7,ΚΑΙ
1,7,ΘΕΛΟΝΤΕΣ
1,7,ΜΕΤΑΣΤΡΕΨΑΙ
1,7,ΤΟ
1,7,ΕΥΑΓΓΕΛΙΟΝ
1,7,ΤΟΥ
1,7,ΧΡΙΣΤΟΥ
1,8,ΑΛΛΑ
1,8,ΚΑΙ
1,8,ΕΑΝ
1,8,ΗΜΕΙΣ
1,8,Η
1,8,ΑΓΓΕΛΟΣ
1,8,ΕΞ
1,8,ΟΥΡΑΝΟΥ
1,8,ΕΥΑΓΓΕΛΙΖΗΤΑΙ
1,8,ΥΜΙΝ
1,8,ΠΑΡΑ
1,8,Ο
1,8,ΕΥΗΓΓΕΛΙΣΑΜΕΘΑ
1,8,ΥΜΙΝ
1,8,ΑΝΑΘΕΜΑ
1,8,ΕΣΤΩ
1,9,ΩΣ
1,9,ΠΡΟΕΙΡΗΚΑΜΕΝ
1,9,ΚΑΙ
1,9,ΑΡΤΙ
1,9,ΠΑΛΙΝ
1,9,ΛΕΓΩ
1,9,ΕΙ
1,9,ΤΙΣ
1,9,ΥΜΑΣ
1,9,ΕΥΑΓΓΕΛΙΖΕΤΑΙ
1,9,ΠΑΡΑ
1,9,Ο
1,9,ΠΑΡΕΛΑΒΕΤΕ
1,9,ΑΝΑΘΕΜΑ
1,9,ΕΣΤΩ
1,10,ΑΡΤΙ
1,10,ΓΑΡ
1,10,ΑΝΘΡΩΠΟΥΣ
1,10,ΠΕΙΘΩ
1,10,Η
1,10,ΤΟΝ
1,10,ΘΕΟΝ
1,10,Η
1,10,ΖΗΤΩ
1,10,ΑΝΘΡΩΠΟΙΣ
1,10,ΑΡΕΣΚΕΙΝ
1,10,ΕΙ
1,10,ΕΤΙ
1,10,ΑΝΘΡΩΠΟΙΣ
1,10,ΗΡΕΣΚΟΝ
1,10,ΧΡΙΣΤΟΥ
1,10,ΔΟΥΛΟΣ
1,10,ΟΥΚ
1,10,ΑΝ
1,10,ΗΜΗΝ
1,11,ΓΝΩΡΙΖΩ
1,11,ΓΑΡ
1,11,ΥΜΙΝ
1,11,ΑΔΕΛΦΟΙ
1,11,ΤΟ
1,11,ΕΥΑΓΓΕΛΙΟΝ
1,11,ΤΟ
1,11,ΕΥΑΓΓΕΛΙΣΘΕΝ
1,11,ΥΠΟ
1,11,ΕΜΟΥ
1,11,ΟΤΙ
1,11,ΟΥΚ
1,11,ΕΣΤΙΝ
1,11,ΚΑΤΑ
1,11,ΑΝΘΡΩΠΟΝ
1,12,ΟΥΔΕ
1,12,ΓΑΡ
1,12,ΕΓΩ
1,12,ΠΑΡΑ
1,12,ΑΝΘΡΩΠΟΥ
1,12,ΠΑΡΕΛΑΒΟΝ
1,12,ΑΥΤΟ
1,12,ΟΥΤΕ
1,12,ΕΔΙΔΑΧΘΗΝ
1,12,ΑΛΛΑ
1,12,ΔΙΑ
1,12,ΑΠΟΚΑΛΥΨΕΩΣ
1,12,ΙΗΣΟΥ
1,12,ΧΡΙΣΤΟΥ
1,13,ΗΚΟΥΣΑΤΕ
1,13,ΓΑΡ
1,13,ΤΗΝ
1,13,ΕΜΗΝ
1,13,ΑΝΑΣΤΡΟΦΗΝ
1,13,ΠΟΤΕ
1,13,ΕΝ
1,13,ΤΩΙ
1,13,ΙΟΥΔΑΙΣΜΩΙ
1,13,ΟΤΙ
1,13,ΚΑΤΑ
1,13,ΥΠΕΡΒΟΛΗΝ
1,13,ΕΔΙΩΚΟΝ
1,13,ΤΗΝ
1,13,ΕΚΚΛΗΣΙΑΝ
1,13,ΤΟΥ
1,13,ΘΕΟΥ
1,13,ΚΑΙ
1,13,ΕΠΟΡΘΟΥΝ
1,13,ΑΥΤΗΝ
1,14,ΚΑΙ
1,14,ΠΡΟΕΚΟΠΤΟΝ
1,14,ΕΝ
1,14,ΤΩΙ
1,14,ΙΟΥΔΑΙΣΜΩΙ
1,14,ΥΠΕΡ
1,14,ΠΟΛΛΟΥΣ
1,14,ΣΥΝΗΛΙΚΙΩΤΑΣ
1,14,ΕΝ
1,14,ΤΩΙ
1,14,ΓΕΝΕΙ
1,14,ΜΟΥ
1,14,ΠΕΡΙΣΣΟΤΕΡΩΣ
1,14,ΖΗΛΩΤΗΣ
1,14,ΥΠΑΡΧΩΝ
1,14,ΤΩΝ
1,14,ΠΑΤΡΙΚΩΝ
1,14,ΜΟΥ
1,14,ΠΑΡΑΔΟΣΕΩΝ
1,15,ΟΤΕ
1,15,ΔΕ
1,15,ΕΥΔΟΚΗΣΕΝ
1,15,Ο
1,15,ΑΦΟΡΙΣΑΣ
1,15,ΜΕ
1,15,ΕΚ
1,15,ΚΟΙΛΙΑΣ
1,15,ΜΗΤΡΟΣ
1,15,ΜΟΥ
1,15,ΚΑΙ
1,15,ΚΑΛΕΣΑΣ
1,15,ΔΙΑ
1,15,ΤΗΣ
1,15,ΧΑΡΙΤΟΣ
1,15,ΑΥΤΟΥ
1,16,ΑΠΟΚΑΛΥΨΑΙ
1,16,ΤΟΝ
1,16,ΥΙΟΝ
1,16,ΑΥΤΟΥ
1,16,ΕΝ
1,16,ΕΜΟΙ
1,16,ΙΝΑ
1,16,ΕΥΑΓΓΕΛΙΖΩΜΑΙ
1,16,ΑΥΤΟΝ
1,16,ΕΝ
1,16,ΤΟΙΣ
1,16,ΕΘΝΕΣΙΝ
1,16,ΕΥΘΕΩΣ
1,16,ΟΥ
1,16,ΠΡΟΣΑΝΕΘΕΜΗΝ
1,16,ΣΑΡΚΙ
1,16,ΚΑΙ
1,16,ΑΙΜΑΤΙ
1,17,ΟΥΔΕ
1,17,ΑΝΗΛΘΟΝ
1,17,ΕΙΣ
1,17,ΙΕΡΟΣΟΛΥΜΑ
1,17,ΠΡΟΣ
1,17,ΤΟΥΣ
1,17,ΠΡΟ
1,17,ΕΜΟΥ
1,17,ΑΠΟΣΤΟΛΟΥΣ
1,17,ΑΛΛΑ
1,17,ΑΠΗΛΘΟΝ
1,17,ΕΙΣ
1,17,ΑΡΑΒΙΑΝ
1,17,ΚΑΙ
1,17,ΠΑΛΙΝ
1,17,ΥΠΕΣΤΡΕΨΑ
1,17,ΕΙΣ
1,17,ΔΑΜΑΣΚΟΝ
1,18,ΕΠΕΙΤΑ
1,18,ΜΕΤΑ
1,18,ΕΤΗ
1,18,ΤΡΙΑ
1,18,ΑΝΗΛΘΟΝ
1,18,ΕΙΣ
1,18,ΙΕΡΟΣΟΛΥΜΑ
1,18,ΙΣΤΟΡΗΣΑΙ
1,18,ΚΗΦΑΝ
1,18,ΚΑΙ
1,18,ΕΠΕΜΕΙΝΑ
1,18,ΠΡΟΣ
1,18,ΑΥΤΟΝ
1,18,ΗΜΕΡΑΣ
1,18,ΔΕΚΑΠΕΝΤΕ
1,19,ΕΤΕΡΟΝ
1,19,ΔΕ
1,19,ΤΩΝ
1,19,ΑΠΟΣΤΟΛΩΝ
1,19,ΟΥΚ
1,19,ΕΙΔΟΝ
1,19,ΕΙ
1,19,ΜΗ
1,19,ΙΑΚΩΒΟΝ
1,19,ΤΟΝ
1,19,ΑΔΕΛΦΟΝ
1,19,ΤΟΥ
1,19,ΚΥΡΙΟΥ
1,20,Α
1,20,ΔΕ
1,20,ΓΡΑΦΩ
1,20,ΥΜΙΝ
1,20,ΙΔΟΥ
1,20,ΕΝΩΠΙΟΝ
1,20,ΤΟΥ
1,20,ΘΕΟΥ
1,20,ΟΤΙ
1,20,ΟΥ
1,20,ΨΕΥΔΟΜΑΙ
1,21,ΕΠΕΙΤΑ
1,21,ΗΛΘΟΝ
1,21,ΕΙΣ
1,21,ΤΑ
1,21,ΚΛΙΜΑΤΑ
1,21,ΤΗΣ
1,21,ΣΥΡΙΑΣ
1,21,ΚΑΙ
1,21,ΤΗΣ
1,21,ΚΙΛΙΚΙΑΣ
1,22,ΗΜΗΝ
1,22,ΔΕ
1,22,ΑΓΝΟΟΥΜΕΝΟΣ
1,22,ΤΩΙ
1,22,ΠΡΟΣΩΠΩΙ
1,22,ΤΑΙΣ
1,22,ΕΚΚΛΗΣΙΑΙΣ
1,22,ΤΗΣ
1,22,ΙΟΥΔΑΙΑΣ
1,22,ΤΑΙΣ
1,22,ΕΝ
1,22,ΧΡΙΣΤΩΙ
1,23,ΜΟΝΟΝ
1,23,ΔΕ
1,23,ΑΚΟΥΟΝΤΕΣ
1,23,ΗΣΑΝ
1,23,ΟΤΙ
1,23,Ο
1,23,ΔΙΩΚΩΝ
1,23,ΗΜΑΣ
1,23,ΠΟΤΕ
1,23,ΝΥΝ
1,23,ΕΥΑΓΓΕΛΙΖΕΤΑΙ
1,23,ΤΗΝ
1,23,ΠΙΣΤΙΝ
1,23,ΗΝ
1,23,ΠΟΤΕ
1,23,ΕΠΟΡΘΕΙ
1,24,ΚΑΙ
1,24,ΕΔΟΞΑΖΟΝ
1,24,ΕΝ
1,24,ΕΜΟΙ
1,24,ΤΟΝ
1,24,ΘΕΟΝ
2,1,ΕΠΕΙΤΑ
2,1,ΔΙΑ
2,1,ΔΕΚΑΤΕΣΣΑΡΩΝ
2,1,ΕΤΩΝ
2,1,ΠΑΛΙΝ
2,1,ΑΝΕΒΗΝ
2,1,ΕΙΣ
2,1,ΙΕΡΟΣΟΛΥΜΑ
2,1,ΜΕΤΑ
2,1,ΒΑΡΝΑΒΑ
2,1,ΣΥΝΠΑΡΑΛΑΒΩΝ
2,1,ΚΑΙ
2,1,ΤΙΤΟΝ
2,2,ΑΝΕΒΗΝ
2,2,ΔΕ
2,2,ΚΑΤΑ
2,2,ΑΠΟΚΑΛΥΨΙΝ
2,2,ΚΑΙ
2,2,ΑΝΕΘΕΜΗΝ
2,2,ΑΥΤΟΙΣ
2,2,ΤΟ
2,2,ΕΥΑΓΓΕΛΙΟΝ
2,2,Ο
2,2,ΚΗΡΥΣΣΩ
2,2,ΕΝ
2,2,ΤΟΙΣ
2,2,ΕΘΝΕΣΙΝ
2,2,ΚΑΤΑ
2,2,ΙΔΙΑΝ
2,2,ΔΕ
2,2,ΤΟΙΣ
2,2,ΔΟΚΟΥΣΙΝ
2,2,ΜΗ
2,2,ΠΩΣ
2,2,ΕΙΣ
2,2,ΚΕΝΟΝ
2,2,ΤΡΕΧΩ
2,2,Η
2,2,ΕΔΡΑΜΟΝ
2,3,ΑΛΛΑ
2,3,ΟΥΔΕ
2,3,ΤΙΤΟΣ
2,3,Ο
2,3,ΣΥΝ
2,3,ΕΜΟΙ
2,3,ΕΛΛΗΝ
2,3,ΩΝ
2,3,ΗΝΑΓΚΑΣΘΗ
2,3,ΠΕΡΙΤΜΗΘΗΝΑΙ
2,4,ΔΙΑ
2,4,ΔΕ
2,4,ΤΟΥΣ
2,4,ΠΑΡΕΙΣΑΚΤΟΥΣ
2,4,ΨΕΥΔΑΔΕΛΦΟΥΣ
2,4,ΟΙΤΙΝΕΣ
2,4,ΠΑΡΕΙΣΗΛΘΟΝ
2,4,ΚΑΤΑΣΚΟΠΗΣΑΙ
2,4,ΤΗΝ
2,4,ΕΛΕΥΘΕΡΙΑΝ
2,4,ΗΜΩΝ
2,4,ΗΝ
2,4,ΕΧΟΜΕΝ
2,4,ΕΝ
2,4,ΧΡΙΣΤΩΙ
2,4,ΙΗΣΟΥ
2,4,ΙΝΑ
2,4,ΗΜΑΣ
2,4,ΚΑΤΑΔΟΥΛΩΣΟΥΣΙΝ
2,5,ΟΙΣ
2,5,ΟΥΔΕ
2,5,ΠΡΟΣ
2,5,ΩΡΑΝ
2,5,ΕΙΞΑΜΕΝ
2,5,ΤΗΙ
2,5,ΥΠΟΤΑΓΗΙ
2,5,ΙΝΑ
2,5,Η
2,5,ΑΛΗΘΕΙΑ
2,5,ΤΟΥ
2,5,ΕΥΑΓΓΕΛΙΟΥ
2,5,ΔΙΑΜΕΙΝΗΙ
2,5,ΠΡΟΣ
2,5,ΥΜΑΣ
2,6,ΑΠΟ
2,6,ΔΕ
2,6,ΤΩΝ
2,6,ΔΟΚΟΥΝΤΩΝ
2,6,ΕΙΝΑΙ
2,6,ΤΙ
2,6,ΟΠΟΙΟΙ
2,6,ΠΟΤΕ
2,6,ΗΣΑΝ
2,6,ΟΥΔΕΝ
2,6,ΜΟΙ
2,6,ΔΙΑΦΕΡΕΙ
2,6,ΠΡΟΣΩΠΟΝ
2,6,Ο
2,6,ΘΕΟΣ
2,6,ΑΝΘΡΩΠΟΥ
2,6,ΟΥ
2,6,ΛΑΜΒΑΝΕΙ
2,6,ΕΜΟΙ
2,6,ΓΑΡ
2,6,ΟΙ
2,6,ΔΟΚΟΥΝΤΕΣ
2,6,ΟΥΔΕΝ
2,6,ΠΡΟΣΑΝΕΘΕΝΤΟ
2,7,ΑΛΛΑ
2,7,ΤΟΥΝΑΝΤΙΟΝ
2,7,ΙΔΟΝΤΕΣ
2,7,ΟΤΙ
2,7,ΠΕΠΙΣΤΕΥΜΑΙ
2,7,ΤΟ
2,7,ΕΥΑΓΓΕΛΙΟΝ
2,7,ΤΗΣ
2,7,ΑΚΡΟΒΥΣΤΙΑΣ
2,7,ΚΑΘΩΣ
2,7,ΠΕΤΡΟΣ
2,7,ΤΗΣ
2,7,ΠΕΡΙΤΟΜΗΣ
2,8,Ο
2,8,ΓΑΡ
2,8,ΕΝΕΡΓΗΣΑΣ
2,8,ΠΕΤΡΩΙ
2,8,ΕΙΣ
2,8,ΑΠΟΣΤΟΛΗΝ
2,8,ΤΗΣ
2,8,ΠΕΡΙΤΟΜΗΣ
2,8,ΕΝΗΡΓΗΣΕΝ
2,8,ΚΑΙ
2,8,ΕΜΟΙ
2,8,ΕΙΣ
2,8,ΤΑ
2,8,ΕΘΝΗ
2,9,ΚΑΙ
2,9,ΓΝΟΝΤΕΣ
2,9,ΤΗΝ
2,9,ΧΑΡΙΝ
2,9,ΤΗΝ
2,9,ΔΟΘΕΙΣΑΝ
2,9,ΜΟΙ
2,9,ΙΑΚΩΒΟΣ
2,9,ΚΑΙ
2,9,ΚΗΦΑΣ
2,9,ΚΑΙ
2,9,ΙΩΑΝΝΗΣ
2,9,ΟΙ
2,9,ΔΟΚΟΥΝΤΕΣ
2,9,ΣΤΥΛΟΙ
2,9,ΕΙΝΑΙ
2,9,ΔΕΞΙΑΣ
2,9,ΕΔΩΚΑΝ
2,9,ΕΜΟΙ
2,9,ΚΑΙ
2,9,ΒΑΡΝΑΒΑΙ
2,9,ΚΟΙΝΩΝΙΑΣ
2,9,ΙΝΑ
2,9,ΗΜΕΙΣ
2,9,ΕΙΣ
2,9,ΤΑ
2,9,ΕΘΝΗ
2,9,ΑΥΤΟΙ
2,9,ΔΕ
2,9,ΕΙΣ
2,9,ΤΗΝ
2,9,ΠΕΡΙΤΟΜΗΝ
2,10,ΜΟΝΟΝ
2,10,ΤΩΝ
2,10,ΠΤΩΧΩΝ
2,10,ΙΝΑ
2,10,ΜΝΗΜΟΝΕΥΩΜΕΝ
2,10,Ο
2,10,ΚΑΙ
2,10,ΕΣΠΟΥΔΑΣΑ
2,10,ΑΥΤΟ
2,10,ΤΟΥΤΟ
2,10,ΠΟΙΗΣΑΙ
2,11,ΟΤΕ
2,11,ΔΕ
2,11,ΗΛΘΕΝ
2,11,ΚΗΦΑΣ
2,11,ΕΙΣ
2,11,ΑΝΤΙΟΧΕΙΑΝ
2,11,ΚΑΤΑ
2,11,ΠΡΟΣΩΠΟΝ
2,11,ΑΥΤΩΙ
2,11,ΑΝΤΕΣΤΗΝ
2,11,ΟΤΙ
2,11,ΚΑΤΕΓΝΩΣΜΕΝΟΣ
2,11,ΗΝ
2,12,ΠΡΟ
2,12,ΤΟΥ
2,12,ΓΑΡ
2,12,ΕΛΘΕΙΝ
2,12,ΤΙΝΑΣ
2,12,ΑΠΟ
2,12,ΙΑΚΩΒΟΥ
2,12,ΜΕΤΑ
2,12,ΤΩΝ
2,12,ΕΘΝΩΝ
2,12,ΣΥΝΗΣΘΙΕΝ
2,12,ΟΤΕ
2,12,ΔΕ
2,12,ΗΛΘΟΝ
2,12,ΥΠΕΣΤΕΛΛΕΝ
2,12,ΚΑΙ
2,12,ΑΦΩΡΙΖΕΝ
2,12,ΕΑΥΤΟΝ
2,12,ΦΟΒΟΥΜΕΝΟΣ
2,12,ΤΟΥΣ
2,12,ΕΚ
2,12,ΠΕΡΙΤΟΜΗΣ
2,13,ΚΑΙ
2,13,ΣΥΝΥΠΕΚΡΙΘΗΣΑΝ
2,13,ΑΥΤΩΙ
2,13,ΚΑΙ
2,13,ΟΙ
2,13,ΛΟΙΠΟΙ
2,13,ΙΟΥΔΑΙΟΙ
2,13,ΩΣΤΕ
2,13,ΚΑΙ
2,13,ΒΑΡΝΑΒΑΣ
2,13,ΣΥΝΑΠΗΧΘΗ
2,13,ΑΥΤΩΝ
2,13,ΤΗΙ
2,13,ΥΠΟΚΡΙΣΕΙ
2,14,ΑΛΛΑ
2,14,ΟΤΕ
2,14,ΕΙΔΟΝ
2,14,ΟΤΙ
2,14,ΟΥΚ
2,14,ΟΡΘΟΠΟΔΟΥΣΙΝ
2,14,ΠΡΟΣ
2,14,ΤΗΝ
2,14,ΑΛΗΘΕΙΑΝ
2,14,ΤΟΥ
2,14,ΕΥΑΓΓΕΛΙΟΥ
2,14,ΕΙΠΟΝ
2,14,ΤΩΙ
2,14,ΚΗΦΑΙ
2,14,ΕΜΠΡΟΣΘΕΝ
2,14,ΠΑΝΤΩΝ
2,14,ΕΙ
2,14,ΣΥ
2,14,ΙΟΥΔΑΙΟΣ
2,14,ΥΠΑΡΧΩΝ
2,14,ΕΘΝΙΚΩΣ
2,14,ΚΑΙ
2,14,ΟΥΚ
2,14,ΙΟΥΔΑΙΚΩΣ
2,14,ΖΗΙΣ
2,14,ΠΩΣ
2,14,ΤΑ
2,14,ΕΘΝΗ
2,14,ΑΝΑΓΚΑΖΕΙΣ
2,14,ΙΟΥΔΑΙΖΕΙΝ
2,15,ΗΜΕΙΣ
2,15,ΦΥΣΕΙ
2,15,ΙΟΥΔΑΙΟΙ
2,15,ΚΑΙ
2,15,ΟΥΚ
2,15,ΕΞ
2,15,ΕΘΝΩΝ
2,15,ΑΜΑΡΤΩΛΟΙ
2,16,ΕΙΔΟΤΕΣ
2,16,ΔΕ
2,16,ΟΤΙ
2,16,ΟΥ
2,16,ΔΙΚΑΙΟΥΤΑΙ
2,16,ΑΝΘΡΩΠΟΣ
2,16,ΕΞ
2,16,ΕΡΓΩΝ
2,16,ΝΟΜΟΥ
2,16,ΕΑΝ
2,16,ΜΗ
2,16,ΔΙΑ
2,16,ΠΙΣΤΕΩΣ
2,16,ΙΗΣΟΥ
2,16,ΧΡΙΣΤΟΥ
2,16,ΚΑΙ
2,16,ΗΜΕΙΣ
2,16,ΕΙΣ
2,16,ΧΡΙΣΤΟΝ
2,16,ΙΗΣΟΥΝ
2,16,ΕΠΙΣΤΕΥΣΑΜΕΝ
2,16,ΙΝΑ
2,16,ΔΙΚΑΙΩΘΩΜΕΝ
2,16,ΕΚ
2,16,ΠΙΣΤΕΩΣ
2,16,ΧΡΙΣΤΟΥ
2,16,ΚΑΙ
2,16,ΟΥΚ
2,16,ΕΞ
2,16,ΕΡΓΩΝ
2,16,ΝΟΜΟΥ
2,16,ΟΤΙ
2,16,ΕΞ
2,16,ΕΡΓΩΝ
2,16,ΝΟΜΟΥ
2,16,ΟΥ
2,16,ΔΙΚΑΙΩΘΗΣΕΤΑΙ
2,16,ΠΑΣΑ
2,16,ΣΑΡΞ
2,17,ΕΙ
2,17,ΔΕ
2,17,ΖΗΤΟΥΝΤΕΣ
2,17,ΔΙΚΑΙΩΘΗΝΑΙ
2,17,ΕΝ
2,17,ΧΡΙΣΤΩΙ
2,17,ΕΥΡΕΘΗΜΕΝ
2,17,ΚΑΙ
2,17,ΑΥΤΟΙ
2,17,ΑΜΑΡΤΩΛΟΙ
2,17,ΑΡΑ
2,17,ΧΡΙΣΤΟΣ
2,17,ΑΜΑΡΤΙΑΣ
2,17,ΔΙΑΚΟΝΟΣ
2,17,ΜΗ
2,17,ΓΕΝΟΙΤΟ
2,18,ΕΙ
2,18,ΓΑΡ
2,18,Α
2,18,ΚΑΤΕΛΥΣΑ
2,18,ΤΑΥΤΑ
2,18,ΠΑΛΙΝ
2,18,ΟΙΚΟΔΟΜΩ
2,18,ΠΑΡΑΒΑΤΗΝ
2,18,ΕΜΑΥΤΟΝ
2,18,ΣΥΝΙΣΤΑΝΩ
2,19,ΕΓΩ
2,19,ΓΑΡ
2,19,ΔΙΑ
2,19,ΝΟΜΟΥ
2,19,ΝΟΜΩΙ
2,19,ΑΠΕΘΑΝΟΝ
2,19,ΙΝΑ
2,19,ΘΕΩΙ
2,19,ΖΗΣΩ
2,19,ΧΡΙΣΤΩΙ
2,19,ΣΥΝΕΣΤΑΥΡΩΜΑΙ
2,20,ΖΩ
2,20,ΔΕ
2,20,ΟΥΚΕΤΙ
2,20,ΕΓΩ
2,20,ΖΗΙ
2,20,ΔΕ
2,20,ΕΝ
2,20,ΕΜΟΙ
2,20,ΧΡΙΣΤΟΣ
2,20,Ο
2,20,ΔΕ
2,20,ΝΥΝ
2,20,ΖΩ
2,20,ΕΝ
2,20,ΣΑΡΚΙ
2,20,ΕΝ
2,20,ΠΙΣΤΕΙ
2,20,ΖΩ
2,20,ΤΗΙ
2,20,ΤΟΥ
2,20,ΥΙΟΥ
2,20,ΤΟΥ
2,20,ΘΕΟΥ
2,20,ΤΟΥ
2,20,ΑΓΑΠΗΣΑΝΤΟΣ
2,20,ΜΕ
2,20,ΚΑΙ
2,20,ΠΑΡΑΔΟΝΤΟΣ
2,20,ΕΑΥΤΟΝ
2,20,ΥΠΕΡ
2,20,ΕΜΟΥ
2,21,ΟΥΚ
2,21,ΑΘΕΤΩ
2,21,ΤΗΝ
2,21,ΧΑΡΙΝ
2,21,ΤΟΥ
2,21,ΘΕΟΥ
2,21,ΕΙ
2,21,ΓΑΡ
2,21,ΔΙΑ
2,21,ΝΟΜΟΥ
2,21,ΔΙΚΑΙΟΣΥΝΗ
2,21,ΑΡΑ
2,21,ΧΡΙΣΤΟΣ
2,21,ΔΩΡΕΑΝ
2,21,ΑΠΕΘΑΝΕΝ
3,1,Ω
3,1,ΑΝΟΗΤΟΙ
3,1,ΓΑΛΑΤΑΙ
3,1,ΤΙΣ
3,1,ΥΜΑΣ
3,1,ΕΒΑΣΚΑΝΕΝ
3,1,ΟΙΣ
3,1,ΚΑΤΑ
3,1,ΟΦΘΑΛΜΟΥΣ
3,1,ΙΗΣΟΥΣ
3,1,ΧΡΙΣΤΟΣ
3,1,ΠΡΟΕΓΡΑΦΗ
3,1,ΕΣΤΑΥΡΩΜΕΝΟΣ
3,2,ΤΟΥΤΟ
3,2,ΜΟΝΟΝ
3,2,ΘΕΛΩ
3,2,ΜΑΘΕΙΝ
3,2,ΑΠΟ
3,2,ΥΜΩΝ
3,2,ΕΞ
3,2,ΕΡΓΩΝ
3,2,ΝΟΜΟΥ
3,2,ΤΟ
3,2,ΠΝΕΥΜΑ
3,2,ΕΛΑΒΕΤΕ
3,2,Η
3,2,ΕΞ
3,2,ΑΚΟΗΣ
3,2,ΠΙΣΤΕΩΣ
3,3,ΟΥΤΩΣ
3,3,ΑΝΟΗΤΟΙ
3,3,ΕΣΤΕ
3,3,ΕΝΑΡΞΑΜΕΝΟΙ
3,3,ΠΝΕΥΜΑΤΙ
3,3,ΝΥΝ
3,3,ΣΑΡΚΙ
3,3,ΕΠΙΤΕΛΕΙΣΘΕ
3,4,ΤΟΣΑΥΤΑ
3,4,ΕΠΑΘΕΤΕ
3,4,ΕΙΚΗΙ
3,4,ΕΙ
3,4,ΓΕ
3,4,ΚΑΙ
3,4,ΕΙΚΗΙ
3,5,Ο
3,5,ΟΥΝ
3,5,ΕΠΙΧΟΡΗΓΩΝ
3,5,ΥΜΙΝ
3,5,ΤΟ
3,5,ΠΝΕΥΜΑ
3,5,ΚΑΙ
3,5,ΕΝΕΡΓΩΝ
3,5,ΔΥΝΑΜΕΙΣ
3,5,ΕΝ
3,5,ΥΜΙΝ
3,5,ΕΞ
3,5,ΕΡΓΩΝ
3,5,ΝΟΜΟΥ
3,5,Η
3,5,ΕΞ
3,5,ΑΚΟΗΣ
3,5,ΠΙΣΤΕΩΣ
3,6,ΚΑΘΩΣ
3,6,ΑΒΡΑΑΜ
3,6,ΕΠΙΣΤΕΥΣΕΝ
3,6,ΤΩΙ
3,6,ΘΕΩΙ
3,6,ΚΑΙ
3,6,ΕΛΟΓΙΣΘΗ
3,6,ΑΥΤΩΙ
3,6,ΕΙΣ
3,6,ΔΙΚΑΙΟΣΥΝΗΝ
3,7,ΓΙΝΩΣΚΕΤΕ
3,7,ΑΡΑ
3,7,ΟΤΙ
3,7,ΟΙ
3,7,ΕΚ
3,7,ΠΙΣΤΕΩΣ
3,7,ΟΥΤΟΙ
3,7,ΥΙΟΙ
3,7,ΕΙΣΙΝ
3,7,ΑΒΡΑΑΜ
3,8,ΠΡΟΙΔΟΥΣΑ
3,8,ΔΕ
3,8,Η
3,8,ΓΡΑΦΗ
3,8,ΟΤΙ
3,8,ΕΚ
3,8,ΠΙΣΤΕΩΣ
3,8,ΔΙΚΑΙΟΙ
3,8,ΤΑ
3,8,ΕΘΝΗ
3,8,Ο
3,8,ΘΕΟΣ
3,8,ΠΡΟΕΥΗΓΓΕΛΙΣΑΤΟ
3,8,ΤΩΙ
3,8,ΑΒΡΑΑΜ
3,8,ΟΤΙ
3,8,ΕΝΕΥΛΟΓΗΘΗΣΟΝΤΑΙ
3,8,ΕΝ
3,8,ΣΟΙ
3,8,ΠΑΝΤΑ
3,8,ΤΑ
3,8,ΕΘΝΗ
3,9,ΩΣΤΕ
3,9,ΟΙ
3,9,ΕΚ
3,9,ΠΙΣΤΕΩΣ
3,9,ΕΥΛΟΓΟΥΝΤΑΙ
3,9,ΣΥΝ
3,9,ΤΩΙ
3,9,ΠΙΣΤΩΙ
3,9,ΑΒΡΑΑΜ
3,10,ΟΣΟΙ
3,10,ΓΑΡ
3,10,ΕΞ
3,10,ΕΡΓΩΝ
3,10,ΝΟΜΟΥ
3,10,ΕΙΣΙΝ
3,10,ΥΠΟ
3,10,ΚΑΤΑΡΑΝ
3,10,ΕΙΣΙΝ
3,10,ΓΕΓΡΑΠΤΑΙ
3,10,ΓΑΡ
3,10,ΟΤΙ
3,10,ΕΠΙΚΑΤΑΡΑΤΟΣ
3,10,ΠΑΣ
3,10,ΟΣ
3,10,ΟΥΚ
3,10,ΕΜΜΕΝΕΙ
3,10,ΠΑΣΙΝ
3,10,ΤΟΙΣ
3,10,ΓΕΓΡΑΜΜΕΝΟΙΣ
3,10,ΕΝ
3,10,ΤΩΙ
3,10,ΒΙΒΛΙΩΙ
3,10,ΤΟΥ
3,10,ΝΟΜΟΥ
3,10,ΤΟΥ
3,10,ΠΟΙΗΣΑΙ
3,10,ΑΥΤΑ
3,11,ΟΤΙ
3,11,ΔΕ
3,11,ΕΝ
3,11,ΝΟΜΩΙ
3,11,ΟΥΔΕΙΣ
3,11,ΔΙΚΑΙΟΥΤΑΙ
3,11,ΠΑΡΑ
3,11,ΤΩΙ
3,11,ΘΕΩΙ
3,11,ΔΗΛΟΝ
3,11,ΟΤΙ
3,11,Ο
3,11,ΔΙΚΑΙΟΣ
3,11,ΕΚ
3,11,ΠΙΣΤΕΩΣ
3,11,ΖΗΣΕΤΑΙ
3,12,Ο
3,12,ΔΕ
3,12,ΝΟΜΟΣ
3,12,ΟΥΚ
3,12,ΕΣΤΙΝ
3,12,ΕΚ
3,12,ΠΙΣΤΕΩΣ
3,12,ΑΛΛΑ
3,12,Ο
3,12,ΠΟΙΗΣΑΣ
3,12,ΑΥΤΑ
3,12,ΖΗΣΕΤΑΙ
3,12,ΕΝ
3,12,ΑΥΤΟΙΣ
3,13,ΧΡΙΣΤΟΣ
3,13,ΗΜΑΣ
3,13,ΕΞΗΓΟΡΑΣΕΝ
3,13,ΕΚ
3,13,ΤΗΣ
3,13,ΚΑΤΑΡΑΣ
3,13,ΤΟΥ
3,13,ΝΟΜΟΥ
3,13,ΓΕΝΟΜΕΝΟΣ
3,13,ΥΠΕΡ
3,13,ΗΜΩΝ
3,13,ΚΑΤΑΡΑ
3,13,ΟΤΙ
3,13,ΓΕΓΡΑΠΤΑΙ
3,13,ΕΠΙΚΑΤΑΡΑΤΟΣ
3,13,ΠΑΣ
3,13,Ο
3,13,ΚΡΕΜΑΜΕΝΟΣ
3,13,ΕΠΙ
3,13,ΞΥΛΟΥ
3,14,ΙΝΑ
3,14,ΕΙΣ
3,14,ΤΑ
3,14,ΕΘΝΗ
3,14,Η
3,14,ΕΥΛΟΓΙΑ
3,14,ΤΟΥ
3,14,ΑΒΡΑΑΜ
3,14,ΓΕΝΗΤΑΙ
3,14,ΕΝ
3,14,ΧΡΙΣΤΩΙ
3,14,ΙΗΣΟΥ
3,14,ΙΝΑ
3,14,ΤΗΝ
3,14,ΕΠΑΓΓΕΛΙΑΝ
3,14,ΤΟΥ
3,14,ΠΝΕΥΜΑΤΟΣ
3,14,ΛΑΒΩΜΕΝ
3,14,ΔΙΑ
3,14,ΤΗΣ
3,14,ΠΙΣΤΕΩΣ
3,15,ΑΔΕΛΦΟΙ
3,15,ΚΑΤΑ
3,15,ΑΝΘΡΩΠΟΝ
3,15,ΛΕΓΩ
3,15,ΟΜΩΣ
3,15,ΑΝΘΡΩΠΟΥ
3,15,ΚΕΚΥΡΩΜΕΝΗΝ
3,15,ΔΙΑΘΗΚΗΝ
3,15,ΟΥΔΕΙΣ
3,15,ΑΘΕΤΕΙ
3,15,Η
3,15,ΕΠΙΔΙΑΤΑΣΣΕΤΑΙ
3,16,ΤΩΙ
3,16,ΔΕ
3,16,ΑΒΡΑΑΜ
3,16,ΕΡΡΕΘΗΣΑΝ
3,16,ΑΙ
3,16,ΕΠΑΓΓΕΛΙΑΙ
3,16,ΚΑΙ
3,16,ΤΩΙ
3,16,ΣΠΕΡΜΑΤΙ
3,16,ΑΥΤΟΥ
3,16,ΟΥ
3,16,ΛΕΓΕΙ
3,16,ΚΑΙ
3,16,ΤΟΙΣ
3,16,ΣΠΕΡΜΑΣΙΝ
3,16,ΩΣ
3,16,ΕΠΙ
3,16,ΠΟΛΛΩΝ
3,16,ΑΛΛΑ
3,16,ΩΣ
3,16,ΕΠΙ
3,16,ΕΝΟΣ
3,16,ΚΑΙ
3,16,ΤΩΙ
3,16,ΣΠΕΡΜΑΤΙ
3,16,ΣΟΥ
3,16,ΟΣ
3,16,ΕΣΤΙΝ
3,16,ΧΡΙΣΤΟΣ
3,17,ΤΟΥΤΟ
3,17,ΔΕ
3,17,ΛΕΓΩ
3,17,ΔΙΑΘΗΚΗΝ
3,17,ΠΡΟΚΕΚΥΡΩΜΕΝΗΝ
3,17,ΥΠΟ
3,17,ΤΟΥ
3,17,ΘΕΟΥ
3,17,Ο
3,17,ΜΕΤΑ
3,17,ΤΕΤΡΑΚΟΣΙΑ
3,17,ΚΑΙ
3,17,ΤΡΙΑΚΟΝΤΑ
3,17,ΕΤΗ
3,17,ΓΕΓΟΝΩΣ
3,17,ΝΟΜΟΣ
3,17,ΟΥΚ
3,17,ΑΚΥΡΟΙ
3,17,ΕΙΣ
3,17,ΤΟ
3,17,ΚΑΤΑΡΓΗΣΑΙ
3,17,ΤΗΝ
3,17,ΕΠΑΓΓΕΛΙΑΝ
3,18,ΕΙ
3,18,ΓΑΡ
3,18,ΕΚ
3,18,ΝΟΜΟΥ
3,18,Η
3,18,ΚΛΗΡΟΝΟΜΙΑ
3,18,ΟΥΚΕΤΙ
3,18,ΕΞ
3,18,ΕΠΑΓΓΕΛΙΑΣ
3,18,ΤΩΙ
3,18,ΔΕ
3,18,ΑΒΡΑΑΜ
3,18,ΔΙΑ
3,18,ΕΠΑΓΓΕΛΙΑΣ
3,18,ΚΕΧΑΡΙΣΤΑΙ
3,18,Ο
3,18,ΘΕΟΣ
3,19,ΤΙ
3,19,ΟΥΝ
3,19,Ο
3,19,ΝΟΜΟΣ
3,19,ΤΩΝ
3,19,ΠΑΡΑΒΑΣΕΩΝ
3,19,ΧΑΡΙΝ
3,19,ΠΡΟΣΕΤΕΘΗ
3,19,ΑΧΡΙΣ
3,19,ΟΥ
3,19,ΕΛΘΗΙ
3,19,ΤΟ
3,19,ΣΠΕΡΜΑ
3,19,ΩΙ
3,19,ΕΠΗΓΓΕΛΤΑΙ
3,19,ΔΙΑΤΑΓΕΙΣ
3,19,ΔΙΑ
3,19,ΑΓΓΕΛΩΝ
3,19,ΕΝ
3,19,ΧΕΙΡΙ
3,19,ΜΕΣΙΤΟΥ
3,20,Ο
3,20,ΔΕ
3,20,ΜΕΣΙΤΗΣ
3,20,ΕΝΟΣ
3,20,ΟΥΚ
3,20,ΕΣΤΙΝ
3,20,Ο
3,20,ΔΕ
3,20,ΘΕΟΣ
3,20,ΕΙΣ
3,20,ΕΣΤΙΝ
3,21,Ο
3,21,ΟΥΝ
3,21,ΝΟΜΟΣ
3,21,ΚΑΤΑ
3,21,ΤΩΝ
3,21,ΕΠΑΓΓΕΛΙΩΝ
3,21,ΜΗ
3,21,ΓΕΝΟΙΤΟ
3,21,ΕΙ
3,21,ΓΑΡ
3,21,ΕΔΟΘΗ
3,21,ΝΟΜΟΣ
3,21,Ο
3,21,ΔΥΝΑΜΕΝΟΣ
3,21,ΖΩΙΟΠΟΙΗΣΑΙ
3,21,ΟΝΤΩΣ
3,21,ΕΝ
3,21,ΝΟΜΟΥ
3,21,ΑΝ
3,21,ΗΝ
3,21,Η
3,21,ΔΙΚΑΙΟΣΥΝΗ
3,22,ΑΛΛΑ
3,22,ΣΥΝΕΚΛΕΙΣΕΝ
3,22,Η
3,22,ΓΡΑΦΗ
3,22,ΤΑ
3,22,ΠΑΝΤΑ
3,22,ΥΠΟ
3,22,ΑΜΑΡΤΙΑΝ
3,22,ΙΝΑ
3,22,Η
3,22,ΕΠΑΓΓΕΛΙΑ
3,22,ΕΚ
3,22,ΠΙΣΤΕΩΣ
3,22,ΙΗΣΟΥ
3,22,ΧΡΙΣΤΟΥ
3,22,ΔΟΘΗΙ
3,22,ΤΟΙΣ
3,22,ΠΙΣΤΕΥΟΥΣΙΝ
3,23,ΠΡΟ
3,23,ΤΟΥ
3,23,ΔΕ
3,23,ΕΛΘΕΙΝ
3,23,ΤΗΝ
3,23,ΠΙΣΤΙΝ
3,23,ΥΠΟ
3,23,ΝΟΜΟΝ
3,23,ΕΦΡΟΥΡΟΥΜΕΘΑ
3,23,ΣΥΝΚΛΕΙΟΜΕΝΟΙ
3,23,ΕΙΣ
3,23,ΤΗΝ
3,23,ΜΕΛΛΟΥΣΑΝ
3,23,ΠΙΣΤΙΝ
3,23,ΑΠΟΚΑΛΥΦΘΗΝΑΙ
3,24,ΩΣΤΕ
3,24,Ο
3,24,ΝΟΜΟΣ
3,24,ΠΑΙΔΑΓΩΓΟΣ
3,24,ΗΜΩΝ
3,24,ΓΕΓΟΝΕΝ
3,24,ΕΙΣ
3,24,ΧΡΙΣΤΟΝ
3,24,ΙΝΑ
3,24,ΕΚ
3,24,ΠΙΣΤΕΩΣ
3,24,ΔΙΚΑΙΩΘΩΜΕΝ
3,25,ΕΛΘΟΥΣΗΣ
3,25,ΔΕ
3,25,ΤΗΣ
3,25,ΠΙΣΤΕΩΣ
3,25,ΟΥΚΕΤΙ
3,25,ΥΠΟ
3,25,ΠΑΙΔΑΓΩΓΟΝ
3,25,ΕΣΜΕΝ
3,26,ΠΑΝΤΕΣ
3,26,ΓΑΡ
3,26,ΥΙΟΙ
3,26,ΘΕΟΥ
3,26,ΕΣΤΕ
3,26,ΔΙΑ
3,26,ΤΗΣ
3,26,ΠΙΣΤΕΩΣ
3,26,ΕΝ
3,26,ΧΡΙΣΤΩΙ
3,26,ΙΗΣΟΥ
3,27,ΟΣΟΙ
3,27,ΓΑΡ
3,27,ΕΙΣ
3,27,ΧΡΙΣΤΟΝ
3,27,ΕΒΑΠΤΙΣΘΗΤΕ
3,27,ΧΡΙΣΤΟΝ
3,27,ΕΝΕΔΥΣΑΣΘΕ
3,28,ΟΥΚ
3,28,ΕΝΙ
3,28,ΙΟΥΔΑΙΟΣ
3,28,ΟΥΔΕ
3,28,ΕΛΛΗΝ
3,28,ΟΥΚ
3,28,ΕΝΙ
3,28,ΔΟΥΛΟΣ
3,28,ΟΥΔΕ
3,28,ΕΛΕΥΘΕΡΟΣ
3,28,ΟΥΚ
3,28,ΕΝΙ
3,28,ΑΡΣΕΝ
3,28,ΚΑΙ
3,28,ΘΗΛΥ
3,28,ΠΑΝΤΕΣ
3,28,ΓΑΡ
3,28,ΥΜΕΙΣ
3,28,ΕΙΣ
3,28,ΕΣΤΕ
3,28,ΕΝ
3,28,ΧΡΙΣΤΩΙ
3,28,ΙΗΣΟΥ
3,29,ΕΙ
3,29,ΔΕ
3,29,ΥΜΕΙΣ
3,29,ΧΡΙΣΤΟΥ
3,29,ΑΡΑ
3,29,ΤΟΥ
3,29,ΑΒΡΑΑΜ
3,29,ΣΠΕΡΜΑ
3,29,ΕΣΤΕ
3,29,ΚΑΤΑ
3,29,ΕΠΑΓΓΕΛΙΑΝ
3,29,ΚΛΗΡΟΝΟΜΟΙ
4,1,ΛΕΓΩ
4,1,ΔΕ
4,1,ΕΠΙ
4,1,ΟΣΟΝ
4,1,ΧΡΟΝΟΝ
4,1,Ο
4,1,ΚΛΗΡΟΝΟΜΟΣ
4,1,ΝΗΠΙΟΣ
4,1,ΕΣΤΙΝ
4,1,ΟΥΔΕΝ
4,1,ΔΙΑΦΕΡΕΙ
4,1,ΔΟΥΛΟΥ
4,1,ΚΥΡΙΟΣ
4,1,ΠΑΝΤΩΝ
4,1,ΩΝ
4,2,ΑΛΛΑ
4,2,ΥΠΟ
4,2,ΕΠΙΤΡΟΠΟΥΣ
4,2,ΕΣΤΙ
4,2,ΚΑΙ
4,2,ΟΙΚΟΝΟΜΟΥΣ
4,2,ΑΧΡΙ
4,2,ΤΗΣ
4,2,ΠΡΟΘΕΣΜΙΑΣ
4,2,ΤΟΥ
4,2,ΠΑΤΡΟΣ
4,3,ΟΥΤΩΣ
4,3,ΚΑΙ
4,3,ΗΜΕΙΣ
4,3,ΟΤΕ
4,3,ΗΜΕΝ
4,3,ΝΗΠΙΟΙ
4,3,ΥΠΟ
4,3,ΤΑ
4,3,ΣΤΟΙΧΕΙΑ
4,3,ΤΟΥ
4,3,ΚΟΣΜΟΥ
4,3,ΗΜΕΘΑ
4,3,ΔΕΔΟΥΛΩΜΕΝΟΙ
4,4,ΟΤΕ
4,4,ΔΕ
4,4,ΗΛΘΕΝ
4,4,ΤΟ
4,4,ΠΛΗΡΩΜΑ
4,4,ΤΟΥ
4,4,ΧΡΟΝΟΥ
4,4,ΕΞΑΠΕΣΤΕΙΛΕΝ
4,4,Ο
4,4,ΘΕΟΣ
4,4,ΤΟΝ
4,4,ΥΙΟΝ
4,4,ΑΥΤΟΥ
4,4,ΓΕΝΟΜΕΝΟΝ
4,4,ΕΚ
4,4,ΓΥΝΑΙΚΟΣ
4,4,ΓΕΝΟΜΕΝΟΝ
4,4,ΥΠΟ
4,4,ΝΟΜΟΝ
4,5,ΙΝΑ
4,5,ΤΟΥΣ
4,5,ΥΠΟ
4,5,ΝΟΜΟΝ
4,5,ΕΞΑΓΟΡΑΣΗΙ
4,5,ΙΝΑ
4,5,ΤΗΝ
4,5,ΥΙΟΘΕΣΙΑΝ
4,5,ΑΠΟΛΑΒΩΜΕΝ
4,6,ΟΤΙ
4,6,ΔΕ
4,6,ΕΣΤΕ
4,6,ΥΙΟΙ
4,6,ΕΞΑΠΕΣΤΕΙΛΕΝ
4,6,Ο
4,6,ΘΕΟΣ
4,6,ΤΟ
4,6,ΠΝΕΥΜΑ
4,6,ΤΟΥ
4,6,ΥΙΟΥ
4,6,ΑΥΤΟΥ
4,6,ΕΙΣ
4,6,ΤΑΣ
4,6,ΚΑΡΔΙΑΣ
4,6,ΗΜΩΝ
4,6,ΚΡΑΖΟΝ
4,6,ΑΒΒΑ
4,6,Ο
4,6,ΠΑΤΗΡ
4,7,ΩΣΤΕ
4,7,ΟΥΚΕΤΙ
4,7,ΕΙ
4,7,ΔΟΥΛΟΣ
4,7,ΑΛΛΑ
4,7,ΥΙΟΣ
4,7,ΕΙ
4,7,ΔΕ
4,7,ΥΙΟΣ
4,7,ΚΑΙ
4,7,ΚΛΗΡΟΝΟΜΟΣ
4,7,ΔΙΑ
4,7,ΘΕΟΥ
4,8,ΑΛΛΑ
4,8,ΤΟΤΕ
4,8,ΜΕΝ
4,8,ΟΥΚ
4,8,ΕΙΔΟΤΕΣ
4,8,ΘΕΟΝ
4,8,ΕΔΟΥΛΕΥΣΑΤΕ
4,8,ΤΟΙΣ
4,8,ΦΥΣΕΙ
4,8,ΜΗ
4,8,ΟΥΣΙ
4,8,ΘΕΟΙΣ
4,9,ΝΥΝ
4,9,ΔΕ
4,9,ΓΝΟΝΤΕΣ
4,9,ΘΕΟΝ
4,9,ΜΑΛΛΟΝ
4,9,ΔΕ
4,9,ΓΝΩΣΘΕΝΤΕΣ
4,9,ΥΠΟ
4,9,ΘΕΟΥ
4,9,ΠΩΣ
4,9,ΕΠΙΣΤΡΕΦΕΤΕ
4,9,ΠΑΛΙΝ
4,9,ΕΠΙ
4,9,ΤΑ
4,9,ΑΣΘΕΝΗ
4,9,ΚΑΙ
4,9,ΠΤΩΧΑ
4,9,ΣΤΟΙΧΕΙΑ
4,9,ΟΙΣ
4,9,ΠΑΛΙΝ
4,9,ΑΝΩΘΕΝ
4,9,ΔΟΥΛΕΥΕΙΝ
4,9,ΘΕΛΕΤΕ
4,10,ΗΜΕΡΑΣ
4,10,ΠΑΡΑΤΗΡΕΙΣΘΕ
4,10,ΚΑΙ
4,10,ΜΗΝΑΣ
4,10,ΚΑΙ
4,10,ΚΑΙΡΟΥΣ
4,10,ΚΑΙ
4,10,ΕΝΙΑΥΤΟΥΣ
4,11,ΦΟΒΟΥΜΑΙ
4,11,ΥΜΑΣ
4,11,ΜΗ
4,11,ΠΩΣ
4,11,ΕΙΚΗΙ
4,11,ΚΕΚΟΠΙΑΚΑ
4,11,ΕΙΣ
4,11,ΥΜΑΣ
4,12,ΓΙΝΕΣΘΕ
4,12,ΩΣ
4,12,ΕΓΩ
4,12,ΟΤΙ
4,12,ΚΑΓΩ
4,12,ΩΣ
4,12,ΥΜΕΙΣ
4,12,ΑΔΕΛΦΟΙ
4,12,ΔΕΟΜΑΙ
4,12,ΥΜΩΝ
4,12,ΟΥΔΕΝ
4,12,ΜΕ
4,12,ΗΔΙΚΗΣΑΤΕ
4,13,ΟΙΔΑΤΕ
4,13,ΔΕ
4,13,ΟΤΙ
4,13,ΔΙΑ
4,13,ΑΣΘΕΝΕΙΑΝ
4,13,ΤΗΣ
4,13,ΣΑΡΚΟΣ
4,13,ΕΥΗΓΓΕΛΙΣΑΜΗΝ
4,13,ΥΜΙΝ
4,13,ΤΟ
4,13,ΠΡΟΤΕΡΟΝ
4,14,ΚΑΙ
4,14,ΤΟΝ
4,14,ΠΕΙΡΑΣΜΟΝ
4,14,ΥΜΩΝ
4,14,ΕΝ
4,14,ΤΗΙ
4,14,ΣΑΡΚΙ
4,14,ΜΟΥ
4,14,ΟΥΚ
4,14,ΕΞΟΥΘΕΝΗΣΑΤΕ
4,14,ΟΥΔΕ
4,14,ΕΞΕΠΤΥΣΑΤΕ
4,14,ΑΛΛΑ
4,14,ΩΣ
4,14,ΑΓΓΕΛΟΝ
4,14,ΘΕΟΥ
4,14,ΕΔΕΞΑΣΘΕ
4,14,ΜΕ
4,14,ΩΣ
4,14,ΧΡΙΣΤΟΝ
4,14,ΙΗΣΟΥΝ
4,15,ΠΟΥ
4,15,ΟΥΝ
4,15,Ο
4,15,ΜΑΚΑΡΙΣΜΟΣ
4,15,ΥΜΩΝ
4,15,ΜΑΡΤΥΡΩ
4,15,ΓΑΡ
4,15,ΥΜΙΝ
4,15,ΟΤΙ
4,15,ΕΙ
4,15,ΔΥΝΑΤΟΝ
4,15,ΤΟΥΣ
4,15,ΟΦΘΑΛΜΟΥΣ
4,15,ΥΜΩΝ
4,15,ΕΞΟΡΥΞΑΝΤΕΣ
4,15,ΕΔΩΚΑΤΕ
4,15,ΜΟΙ
4,16,ΩΣΤΕ
4,16,ΕΧΘΡΟΣ
4,16,ΥΜΩΝ
4,16,ΓΕΓΟΝΑ
4,16,ΑΛΗΘΕΥΩΝ
4,16,ΥΜΙΝ
4,17,ΖΗΛΟΥΣΙΝ
4,17,ΥΜΑΣ
4,17,ΟΥ
4,17,ΚΑΛΩΣ
4,17,ΑΛΛΑ
4,17,ΕΚΚΛΕΙΣΑΙ
4,17,ΥΜΑΣ
4,17,ΘΕΛΟΥΣΙΝ
4,17,ΙΝΑ
4,17,ΑΥΤΟΥΣ
4,17,ΖΗΛΟΥΤΕ
4,18,ΚΑΛΟΝ
4,18,ΔΕ
4,18,ΖΗΛΟΥΣΘΑΙ
4,18,ΕΝ
4,18,ΚΑΛΩΙ
4,18,ΠΑΝΤΟΤΕ
4,18,ΚΑΙ
4,18,ΜΗ
4,18,ΜΟΝΟΝ
4,18,ΕΝ
4,18,ΤΩΙ
4,18,ΠΑΡΕΙΝΑΙ
4,18,ΜΕ
4,18,ΠΡΟΣ
4,18,ΥΜΑΣ
4,19,ΤΕΚΝΑ
4,19,ΜΟΥ
4,19,ΟΥΣ
4,19,ΠΑΛΙΝ
4,19,ΩΔΙΝΩ
4,19,ΜΕΧΡΙΣ
4,19,ΟΥ
4,19,ΜΟΡΦΩΘΗΙ
4,19,ΧΡΙΣΤΟΣ
4,19,ΕΝ
4,19,ΥΜΙΝ
4,20,ΗΘΕΛΟΝ
4,20,ΔΕ
4,20,ΠΑΡΕΙΝΑΙ
4,20,ΠΡΟΣ
4,20,ΥΜΑΣ
4,20,ΑΡΤΙ
4,20,ΚΑΙ
4,20,ΑΛΛΑΞΑΙ
4,20,ΤΗΝ
4,20,ΦΩΝΗΝ
4,20,ΜΟΥ
4,20,ΟΤΙ
4,20,ΑΠΟΡΟΥΜΑΙ
4,20,ΕΝ
4,20,ΥΜΙΝ
4,21,ΛΕΓΕΤΕ
4,21,ΜΟΙ
4,21,ΟΙ
4,21,ΥΠΟ
4,21,ΝΟΜΟΝ
4,21,ΘΕΛΟΝΤΕΣ
4,21,ΕΙΝΑΙ
4,21,ΤΟΝ
4,21,ΝΟΜΟΝ
4,21,ΟΥΚ
4,21,ΑΚΟΥΕΤΕ
4,22,ΓΕΓΡΑΠΤΑΙ
4,22,ΓΑΡ
4,22,ΟΤΙ
4,22,ΑΒΡΑΑΜ
4,22,ΔΥΟ
4,22,ΥΙΟΥΣ
4,22,ΕΣΧΕΝ
4,22,ΕΝΑ
4,22,ΕΚ
4,22,ΤΗΣ
4,22,ΠΑΙΔΙΣΚΗΣ
4,22,ΚΑΙ
4,22,ΕΝΑ
4,22,ΕΚ
4,22,ΤΗΣ
4,22,ΕΛΕΥΘΕΡΑΣ
4,23,ΑΛΛΑ
4,23,Ο
4,23,ΜΕΝ
4,23,ΕΚ
4,23,ΤΗΣ
4,23,ΠΑΙΔΙΣΚΗΣ
4,23,ΚΑΤΑ
4,23,ΣΑΡΚΑ
4,23,ΓΕΓΕΝΝΗΤΑΙ
4,23,Ο
4,23,ΔΕ
4,23,ΕΚ
4,23,ΤΗΣ
4,23,ΕΛΕΥΘΕΡΑΣ
4,23,ΔΙΑ
4,23,ΕΠΑΓΓΕΛΙΑΣ
4,24,ΑΤΙΝΑ
4,24,ΕΣΤΙΝ
4,24,ΑΛΛΗΓΟΡΟΥΜΕΝΑ
4,24,ΑΥΤΑΙ
4,24,ΓΑΡ
4,24,ΕΙΣΙΝ
4,24,ΔΥΟ
4,24,ΔΙΑΘΗΚΑΙ
4,24,ΜΙΑ
4,24,ΜΕΝ
4,24,ΑΠΟ
4,24,ΟΡΟΥΣ
4,24,ΣΙΝΑ
4,24,ΕΙΣ
4,24,ΔΟΥΛΕΙΑΝ
4,24,ΓΕΝΝΩΣΑ
4,24,ΗΤΙΣ
4,24,ΕΣΤΙΝ
4,24,ΑΓΑΡ
4,25,ΤΟ
4,25,ΔΕ
4,25,ΑΓΑΡ
4,25,ΣΙΝΑ
4,25,ΟΡΟΣ
4,25,ΕΣΤΙΝ
4,25,ΕΝ
4,25,ΤΗΙ
4,25,ΑΡΑΒΙΑΙ
4,25,ΣΥΝΣΤΟΙΧΕΙ
4,25,ΔΕ
4,25,ΤΗΙ
4,25,ΝΥΝ
4,25,ΙΕΡΟΥΣΑΛΗΜ
4,25,ΔΟΥΛΕΥΕΙ
4,25,ΓΑΡ
4,25,ΜΕΤΑ
4,25,ΤΩΝ
4,25,ΤΕΚΝΩΝ
4,25,ΑΥΤΗΣ
4,26,Η
4,26,ΔΕ
4,26,ΑΝΩ
4,26,ΙΕΡΟΥΣΑΛΗΜ
4,26,ΕΛΕΥΘΕΡΑ
4,26,ΕΣΤΙΝ
4,26,ΗΤΙΣ
4,26,ΕΣΤΙΝ
4,26,ΜΗΤΗΡ
4,26,ΗΜΩΝ
4,27,ΓΕΓΡΑΠΤΑΙ
4,27,ΓΑΡ
4,27,ΕΥΦΡΑΝΘΗΤΙ
4,27,ΣΤΕΙΡΑ
4,27,Η
4,27,ΟΥ
4,27,ΤΙΚΤΟΥΣΑ
4,27,ΡΗΞΟΝ
4,27,ΚΑΙ
4,27,ΒΟΗΣΟΝ
4,27,Η
4,27,ΟΥΚ
4,27,ΩΔΙΝΟΥΣΑ
4,27,ΟΤΙ
4,27,ΠΟΛΛΑ
4,27,ΤΑ
4,27,ΤΕΚΝΑ
4,27,ΤΗΣ
4,27,ΕΡΗΜΟΥ
4,27,ΜΑΛΛΟΝ
4,27,Η
4,27,ΤΗΣ
4,27,ΕΧΟΥΣΗΣ
4,27,ΤΟΝ
4,27,ΑΝΔΡΑ
4,28,ΥΜΕΙΣ
4,28,ΔΕ
4,28,ΑΔΕΛΦΟΙ
4,28,ΚΑΤΑ
4,28,ΙΣΑΑΚ
4,28,ΕΠΑΓΓΕΛΙΑΣ
4,28,ΤΕΚΝΑ
4,28,ΕΣΤΕ
4,29,ΑΛΛΑ
4,29,ΩΣΠΕΡ
4,29,ΤΟΤΕ
4,29,Ο
4,29,ΚΑΤΑ
4,29,ΣΑΡΚΑ
4,29,ΓΕΝΝΗΘΕΙΣ
4,29,ΕΔΙΩΚΕ
4,29,ΤΟΝ
4,29,ΚΑΤΑ
4,29,ΠΝΕΥΜΑ
4,29,ΟΥΤΩΣ
4,29,ΚΑΙ
4,29,ΝΥΝ
4,30,ΑΛΛΑ
4,30,ΤΙ
4,30,ΛΕΓΕΙ
4,30,Η
4,30,ΓΡΑΦΗ
4,30,ΕΚΒΑΛΕ
4,30,ΤΗΝ
4,30,ΠΑΙΔΙΣΚΗΝ
4,30,ΚΑΙ
4,30,ΤΟΝ
4,30,ΥΙΟΝ
4,30,ΑΥΤΗΣ
4,30,ΟΥ
4,30,ΓΑΡ
4,30,ΜΗ
4,30,ΚΛΗΡΟΝΟΜΗΣΕΙ
4,30,Ο
4,30,ΥΙΟΣ
4,30,ΤΗΣ
4,30,ΠΑΙΔΙΣΚΗΣ
4,30,ΜΕΤΑ
4,30,ΤΟΥ
4,30,ΥΙΟΥ
4,30,ΤΗΣ
4,30,ΕΛΕΥΘΕΡΑΣ
4,31,ΔΙΟ
4,31,ΑΔΕΛΦΟΙ
4,31,ΟΥΚ
4,31,ΕΣΜΕΝ
4,31,ΠΑΙΔΙΣΚΗΣ
4,31,ΤΕΚΝΑ
4,31,ΑΛΛΑ
4,31,ΤΗΣ
4,31,ΕΛΕΥΘΕΡΑΣ
5,1,ΤΗΙ
5,1,ΕΛΕΥΘΕΡΙΑΙ
5,1,ΗΜΑΣ
5,1,ΧΡΙΣΤΟΣ
5,1,ΗΛΕΥΘΕΡΩΣΕΝ
5,1,ΣΤΗΚΕΤΕ
5,1,ΟΥΝ
5,1,ΚΑΙ
5,1,ΜΗ
5,1,ΠΑΛΙΝ
5,1,ΖΥΓΩΙ
5,1,ΔΟΥΛΕΙΑΣ
5,1,ΕΝΕΧΕΣΘΕ
5,2,ΙΔΕ
5,2,ΕΓΩ
5,2,ΠΑΥΛΟΣ
5,2,ΛΕΓΩ
5,2,ΥΜΙΝ
5,2,ΟΤΙ
5,2,ΕΑΝ
5,2,ΠΕΡΙΤΕΜΝΗΣΘΕ
5,2,ΧΡΙΣΤΟΣ
5,2,ΥΜΑΣ
5,2,ΟΥΔΕΝ
5,2,ΩΦΕΛΗΣΕΙ
5,3,ΜΑΡΤΥΡΟΜΑΙ
5,3,ΔΕ
5,3,ΠΑΛΙΝ
5,3,ΠΑΝΤΙ
5,3,ΑΝΘΡΩΠΩΙ
5,3,ΠΕΡΙΤΕΜΝΟΜΕΝΩΙ
5,3,ΟΤΙ
5,3,ΟΦΕΙΛΕΤΗΣ
5,3,ΕΣΤΙΝ
5,3,ΟΛΟΝ
5,3,ΤΟΝ
5,3,ΝΟΜΟΝ
5,3,ΠΟΙΗΣΑΙ
5,4,ΚΑΤΗΡΓΗΘΗΤΕ
5,4,ΑΠΟ
5,4,ΧΡΙΣΤΟΥ
5,4,ΟΙΤΙΝΕΣ
5,4,ΕΝ
5,4,ΝΟΜΩΙ
5,4,ΔΙΚΑΙΟΥΣΘΕ
5,4,ΤΗΣ
5,4,ΧΑΡΙΤΟΣ
5,4,ΕΞΕΠΕΣΑΤΕ
5,5,ΗΜΕΙΣ
5,5,ΓΑΡ
5,5,ΠΝΕΥΜΑΤΙ
5,5,ΕΚ
5,5,ΠΙΣΤΕΩΣ
5,5,ΕΛΠΙΔΑ
5,5,ΔΙΚΑΙΟΣΥΝΗΣ
5,5,ΑΠΕΚΔΕΧΟΜΕΘΑ
5,6,ΕΝ
5,6,ΓΑΡ
5,6,ΧΡΙΣΤΩΙ
5,6,ΙΗΣΟΥ
5,6,ΟΥΤΕ
5,6,ΠΕΡΙΤΟΜΗ
5,6,ΤΙ
5,6,ΙΣΧΥΕΙ
5,6,ΟΥΤΕ
5,6,ΑΚΡΟΒΥΣΤΙΑ
5,6,ΑΛΛΑ
5,6,ΠΙΣΤΙΣ
5,6,ΔΙΑ
5,6,ΑΓΑΠΗΣ
5,6,ΕΝΕΡΓΟΥΜΕΝΗ
5,7,ΕΤΡΕΧΕΤΕ
5,7,ΚΑΛΩΣ
5,7,ΤΙΣ
5,7,ΥΜΑΣ
5,7,ΕΝΕΚΟΨΕΝ
5,7,ΑΛΗΘΕΙΑΙ
5,7,ΜΗ
5,7,ΠΕΙΘΕΣΘΑΙ
5,8,Η
5,8,ΠΕΙΣΜΟΝΗ
5,8,ΟΥΚ
5,8,ΕΚ
5,8,ΤΟΥ
5,8,ΚΑΛΟΥΝΤΟΣ
5,8,ΥΜΑΣ
5,9,ΜΙΚΡΑ
5,9,ΖΥΜΗ
5,9,ΟΛΟΝ
5,9,ΤΟ
5,9,ΦΥΡΑΜΑ
5,9,ΖΥΜΟΙ
5,10,ΕΓΩ
5,10,ΠΕΠΟΙΘΑ
5,10,ΕΙΣ
5,10,ΥΜΑΣ
5,10,ΕΝ
5,10,ΚΥΡΙΩΙ
5,10,ΟΤΙ
5,10,ΟΥΔΕΝ
5,10,ΑΛΛΟ
5,10,ΦΡΟΝΗΣΕΤΕ
5,10,Ο
5,10,ΔΕ
5,10,ΤΑΡΑΣΣΩΝ
5,10,ΥΜΑΣ
5,10,ΒΑΣΤΑΣΕΙ
5,10,ΤΟ
5,10,ΚΡΙΜΑ
5,10,ΟΣΤΙΣ
5,10,ΕΑΝ
5,10,ΗΙ
5,11,ΕΓΩ
5,11,ΔΕ
5,11,ΑΔΕΛΦΟΙ
5,11,ΕΙ
5,11,ΠΕΡΙΤΟΜΗΝ
5,11,ΕΤΙ
5,11,ΚΗΡΥΣΣΩ
5,11,ΤΙ
5,11,ΕΤΙ
5,11,ΔΙΩΚΟΜΑΙ
5,11,ΑΡΑ
5,11,ΚΑΤΗΡΓΗΤΑΙ
5,11,ΤΟ
5,11,ΣΚΑΝΔΑΛΟΝ
5,11,ΤΟΥ
5,11,ΣΤΑΥΡΟΥ
5,12,ΟΦΕΛΟΝ
5,12,ΚΑΙ
5,12,ΑΠΟΚΟΨΟΝΤΑΙ
5,12,ΟΙ
5,12,ΑΝΑΣΤΑΤΟΥΝΤΕΣ
5,12,ΥΜΑΣ
5,13,ΥΜΕΙΣ
5,13,ΓΑΡ
5,13,ΕΠΙ
5,13,ΕΛΕΥΘΕΡΙΑΙ
5,13,ΕΚΛΗΘΗΤΕ
5,13,ΑΔΕΛΦΟΙ
5,13,ΜΟΝΟΝ
5,13,ΜΗ
5,13,ΤΗΝ
5,13,ΕΛΕΥΘΕΡΙΑΝ
5,13,ΕΙΣ
5,13,ΑΦΟΡΜΗΝ
5,13,ΤΗΙ
5,13,ΣΑΡΚΙ
5,13,ΑΛΛΑ
5,13,ΔΙΑ
5,13,ΤΗΣ
5,13,ΑΓΑΠΗΣ
5,13,ΔΟΥΛΕΥΕΤΕ
5,13,ΑΛΛΗΛΟΙΣ
5,14,Ο
5,14,ΓΑΡ
5,14,ΠΑΣ
5,14,ΝΟΜΟΣ
5,14,ΕΝ
5,14,ΕΝΙ
5,14,ΛΟΓΩΙ
5,14,ΠΕΠΛΗΡΩΤΑΙ
5,14,ΕΝ
5,14,ΤΩΙ
5,14,ΑΓΑΠΗΣΕΙΣ
5,14,ΤΟΝ
5,14,ΠΛΗΣΙΟΝ
5,14,ΣΟΥ
5,14,ΩΣ
5,14,ΣΕΑΥΤΟΝ
5,15,ΕΙ
5,15,ΔΕ
5,15,ΑΛΛΗΛΟΥΣ
5,15,ΔΑΚΝΕΤΕ
5,15,ΚΑΙ
5,15,ΚΑΤΕΣΘΙΕΤΕ
5,15,ΒΛΕΠΕΤΕ
5,15,ΜΗ
5,15,ΥΠΟ
5,15,ΑΛΛΗΛΩΝ
5,15,ΑΝΑΛΩΘΗΤΕ
5,16,ΛΕΓΩ
5,16,ΔΕ
5,16,ΠΝΕΥΜΑΤΙ
5,16,ΠΕΡΙΠΑΤΕΙΤΕ
5,16,ΚΑΙ
5,16,ΕΠΙΘΥΜΙΑΝ
5,16,ΣΑΡΚΟΣ
5,16,ΟΥ
5,16,ΜΗ
5,16,ΤΕΛΕΣΗΤΕ
5,17,Η
5,17,ΓΑΡ
5,17,ΣΑΡΞ
5,17,ΕΠΙΘΥΜΕΙ
5,17,ΚΑΤΑ
5,17,ΤΟΥ
5,17,ΠΝΕΥΜΑΤΟΣ
5,17,ΤΟ
5,17,ΔΕ
5,17,ΠΝΕΥΜΑ
5,17,ΚΑΤΑ
5,17,ΤΗΣ
5,17,ΣΑΡΚΟΣ
5,17,ΤΑΥΤΑ
5,17,ΓΑΡ
5,17,ΑΛΛΗΛΟΙΣ
5,17,ΑΝΤΙΚΕΙΤΑΙ
5,17,ΙΝΑ
5,17,ΜΗ
5,17,Α
5,17,ΕΑΝ
5,17,ΘΕΛΗΤΕ
5,17,ΤΑΥΤΑ
5,17,ΠΟΙΗΤΕ
5,18,ΕΙ
5,18,ΔΕ
5,18,ΠΝΕΥΜΑΤΙ
5,18,ΑΓΕΣΘΕ
5,18,ΟΥΚ
5,18,ΕΣΤΕ
5,18,ΥΠΟ
5,18,ΝΟΜΟΝ
5,19,ΦΑΝΕΡΑ
5,19,ΔΕ
5,19,ΕΣΤΙΝ
5,19,ΤΑ
5,19,ΕΡΓΑ
5,19,ΤΗΣ
5,19,ΣΑΡΚΟΣ
5,19,ΑΤΙΝΑ
5,19,ΕΣΤΙΝ
5,19,ΠΟΡΝΕΙΑ
5,19,ΑΚΑΘΑΡΣΙΑ
5,19,ΑΣΕΛΓΕΙΑ
5,20,ΕΙΔΩΛΟΛΑΤΡΙΑ
5,20,ΦΑΡΜΑΚΕΙΑ
5,20,ΕΧΘΡΑΙ
5,20,ΕΡΙΣ
5,20,ΖΗΛΟΙ
5,20,ΘΥΜΟΙ
5,20,ΕΡΙΘΕΙΑΙ
5,20,ΔΙΧΟΣΤΑΣΙΑΙ
5,20,ΑΙΡΕΣΕΙΣ
5,21,ΦΘΟΝΟΙ
5,21,ΜΕΘΑΙ
5,21,ΚΩΜΟΙ
5,21,ΚΑΙ
5,21,ΤΑ
5,21,ΟΜΟΙΑ
5,21,ΤΟΥΤΟΙΣ
5,21,Α
5,21,ΠΡΟΛΕΓΩ
5,21,ΥΜΙΝ
5,21,ΚΑΘΩΣ
5,21,ΠΡΟΕΙΠΟΝ
5,21,ΟΤΙ
5,21,ΟΙ
5,21,ΤΑ
5,21,ΤΟΙΑΥΤΑ
5,21,ΠΡΑΣΣΟΝΤΕΣ
5,21,ΒΑΣΙΛΕΙΑΝ
5,21,ΘΕΟΥ
5,21,ΟΥ
5,21,ΚΛΗΡΟΝΟΜΗΣΟΥΣΙΝ
5,22,Ο
5,22,ΔΕ
5,22,ΚΑΡΠΟΣ
5,22,ΤΟΥ
5,22,ΠΝΕΥΜΑΤΟΣ
5,22,ΕΣΤΙΝ
5,22,ΑΓΑΠΗ
5,22,ΧΑΡΑ
5,22,ΕΙΡΗΝΗ
5,22,ΜΑΚΡΟΘΥΜΙΑ
5,22,ΧΡΗΣΤΟΤΗΣ
5,22,ΑΓΑΘΩΣΥΝΗ
5,22,ΠΙΣΤΙΣ
5,23,ΠΡΑΥΤΗΣ
5,23,ΕΝΚΡΑΤΕΙΑ
5,23,ΚΑΤΑ
5,23,ΤΩΝ
5,23,ΤΟΙΟΥΤΩΝ
5,23,ΟΥΚ
5,23,ΕΣΤΙΝ
5,23,ΝΟΜΟΣ
5,24,ΟΙ
5,24,ΔΕ
5,24,ΤΟΥ
5,24,ΧΡΙΣΤΟΥ
5,24,ΙΗΣΟΥ
5,24,ΤΗΝ
5,24,ΣΑΡΚΑ
5,24,ΕΣΤΑΥΡΩΣΑΝ
5,24,ΣΥΝ
5,24,ΤΟΙΣ
5,24,ΠΑΘΗΜΑΣΙΝ
5,24,ΚΑΙ
5,24,ΤΑΙΣ
5,24,ΕΠΙΘΥΜΙΑΙΣ
5,25,ΕΙ
5,25,ΖΩΜΕΝ
5,25,ΠΝΕΥΜΑΤΙ
5,25,ΠΝΕΥΜΑΤΙ
5,25,ΚΑΙ
5,25,ΣΤΟΙΧΩΜΕΝ
5,26,ΜΗ
5,26,ΓΙΝΩΜΕΘΑ
5,26,ΚΕΝΟΔΟΞΟΙ
5,26,ΑΛΛΗΛΟΥΣ
5,26,ΠΡΟΚΑΛΟΥΜΕΝΟΙ
5,26,ΑΛΛΗΛΟΙΣ
5,26,ΦΘΟΝΟΥΝΤΕΣ
6,1,ΑΔΕΛΦΟΙ
6,1,ΕΑΝ
6,1,ΚΑΙ
6,1,ΠΡΟΛΗΜΦΘΗΙ
6,1,ΑΝΘΡΩΠΟΣ
6,1,ΕΝ
6,1,ΤΙΝΙ
6,1,ΠΑΡΑΠΤΩΜΑΤΙ
6,1,ΥΜΕΙΣ
6,1,ΟΙ
6,1,ΠΝΕΥΜΑΤΙΚΟΙ
6,1,ΚΑΤΑΡΤΙΖΕΤΕ
6,1,ΤΟΝ
6,1,ΤΟΙΟΥΤΟΝ
6,1,ΕΝ
6,1,ΠΝΕΥΜΑΤΙ
6,1,ΠΡΑΥΤΗΤΟΣ
6,1,ΣΚΟΠΩΝ
6,1,ΣΕΑΥΤΟΝ
6,1,ΜΗ
6,1,ΚΑΙ
6,1,ΣΥ
6,1,ΠΕΙΡΑΣΘΗΙΣ
6,2,ΑΛΛΗΛΩΝ
6,2,ΤΑ
6,2,ΒΑΡΗ
6,2,ΒΑΣΤΑΖΕΤΕ
6,2,ΚΑΙ
6,2,ΟΥΤΩΣ
6,2,ΑΝΑΠΛΗΡΩΣΕΤΕ
6,2,ΤΟΝ
6,2,ΝΟΜΟΝ
6,2,ΤΟΥ
6,2,ΧΡΙΣΤΟΥ
6,3,ΕΙ
6,3,ΓΑΡ
6,3,ΔΟΚΕΙ
6,3,ΤΙΣ
6,3,ΕΙΝΑΙ
6,3,ΤΙ
6,3,ΜΗΔΕΝ
6,3,ΩΝ
6,3,ΦΡΕΝΑΠΑΤΑΙ
6,3,ΕΑΥΤΟΝ
6,4,ΤΟ
6,4,ΔΕ
6,4,ΕΡΓΟΝ
6,4,ΕΑΥΤΟΥ
6,4,ΔΟΚΙΜΑΖΕΤΩ
6,4,ΕΚΑΣΤΟΣ
6,4,ΚΑΙ
6,4,ΤΟΤΕ
6,4,ΕΙΣ
6,4,ΕΑΥΤΟΝ
6,4,ΜΟΝΟΝ
6,4,ΤΟ
6,4,ΚΑΥΧΗΜΑ
6,4,ΕΞΕΙ
6,4,ΚΑΙ
6,4,ΟΥΚ
6,4,ΕΙΣ
6,4,ΤΟΝ
6,4,ΕΤΕΡΟΝ
6,5,ΕΚΑΣΤΟΣ
6,5,ΓΑΡ
6,5,ΤΟ
6,5,ΙΔΙΟΝ
6,5,ΦΟΡΤΙΟΝ
6,5,ΒΑΣΤΑΣΕΙ
6,6,ΚΟΙΝΩΝΕΙΤΩ
6,6,ΔΕ
6,6,Ο
6,6,ΚΑΤΗΧΟΥΜΕΝΟΣ
6,6,ΤΟΝ
6,6,ΛΟΓΟΝ
6,6,ΤΩΙ
6,6,ΚΑΤΗΧΟΥΝΤΙ
6,6,ΕΝ
6,6,ΠΑΣΙΝ
6,6,ΑΓΑΘΟΙΣ
6,7,ΜΗ
6,7,ΠΛΑΝΑΣΘΕ
6,7,ΘΕΟΣ
6,7,ΟΥ
6,7,ΜΥΚΤΗΡΙΖΕΤΑΙ
6,7,Ο
6,7,ΓΑΡ
6,7,ΕΑΝ
6,7,ΣΠΕΙΡΗΙ
6,7,ΑΝΘΡΩΠΟΣ
6,7,ΤΟΥΤΟ
6,7,ΚΑΙ
6,7,ΘΕΡΙΣΕΙ
6,8,ΟΤΙ
6,8,Ο
6,8,ΣΠΕΙΡΩΝ
6,8,ΕΙΣ
6,8,ΤΗΝ
6,8,ΣΑΡΚΑ
6,8,ΕΑΥΤΟΥ
6,8,ΕΚ
6,8,ΤΗΣ
6,8,ΣΑΡΚΟΣ
6,8,ΘΕΡΙΣΕΙ
6,8,ΦΘΟΡΑΝ
6,8,Ο
6,8,ΔΕ
6,8,ΣΠΕΙΡΩΝ
6,8,ΕΙΣ
6,8,ΤΟ
6,8,ΠΝΕΥΜΑ
6,8,ΕΚ
6,8,ΤΟΥ
6,8,ΠΝΕΥΜΑΤΟΣ
6,8,ΘΕΡΙΣΕΙ
6,8,ΖΩΗΝ
6,8,ΑΙΩΝΙΟΝ
6,9,ΤΟ
6,9,ΔΕ
6,9,ΚΑΛΟΝ
6,9,ΠΟΙΟΥΝΤΕΣ
6,9,ΜΗ
6,9,ΕΝΚΑΚΩΜΕΝ
6,9,ΚΑΙΡΩΙ
6,9,ΓΑΡ
6,9,ΙΔΙΩΙ
6,9,ΘΕΡΙΣΟΜΕΝ
6,9,ΜΗ
6,9,ΕΚΛΥΟΜΕΝΟΙ
6,10,ΑΡΑ
6,10,ΟΥΝ
6,10,ΩΣ
6,10,ΚΑΙΡΟΝ
6,10,ΕΧΟΜΕΝ
6,10,ΕΡΓΑΖΩΜΕΘΑ
6,10,ΤΟ
6,10,ΑΓΑΘΟΝ
6,10,ΠΡΟΣ
6,10,ΠΑΝΤΑΣ
6,10,ΜΑΛΙΣΤΑ
6,10,ΔΕ
6,10,ΠΡΟΣ
6,10,ΤΟΥΣ
6,10,ΟΙΚΕΙΟΥΣ
6,10,ΤΗΣ
6,10,ΠΙΣΤΕΩΣ
6,11,ΙΔΕΤΕ
6,11,ΠΗΛΙΚΟΙΣ
6,11,ΥΜΙΝ
6,11,ΓΡΑΜΜΑΣΙΝ
6,11,ΕΓΡΑΨΑ
6,11,ΤΗΙ
6,11,ΕΜΗΙ
6,11,ΧΕΙΡΙ
6,12,ΟΣΟΙ
6,12,ΘΕΛΟΥΣΙΝ
6,12,ΕΥΠΡΟΣΩΠΗΣΑΙ
6,12,ΕΝ
6,12,ΣΑΡΚΙ
6,12,ΟΥΤΟΙ
6,12,ΑΝΑΓΚΑΖΟΥΣΙΝ
6,12,ΥΜΑΣ
6,12,ΠΕΡΙΤΕΜΝΕΣΘΑΙ
6,12,ΜΟΝΟΝ
6,12,ΙΝΑ
6,12,ΤΩΙ
6,12,ΣΤΑΥΡΩΙ
6,12,ΤΟΥ
6,12,ΧΡΙΣΤΟΥ
6,12,ΙΗΣΟΥ
6,12,ΜΗ
6,12,ΔΙΩΚΩΝΤΑΙ
6,13,ΟΥΔΕ
6,13,ΓΑΡ
6,13,ΟΙ
6,13,ΠΕΡΙΤΕΤΜΗΜΕΝΟΙ
6,13,ΑΥΤΟΙ
6,13,ΝΟΜΟΝ
6,13,ΦΥΛΑΣΣΟΥΣΙΝ
6,13,ΑΛΛΑ
6,13,ΘΕΛΟΥΣΙΝ
6,13,ΥΜΑΣ
6,13,ΠΕΡΙΤΕΜΝΕΣΘΑΙ
6,13,ΙΝΑ
6,13,ΕΝ
6,13,ΤΗΙ
6,13,ΥΜΕΤΕΡΑΙ
6,13,ΣΑΡΚΙ
6,13,ΚΑΥΧΗΣΩΝΤΑΙ
6,14,ΕΜΟΙ
6,14,ΔΕ
6,14,ΜΗ
6,14,ΓΕΝΟΙΤΟ
6,14,ΚΑΥΧΑΣΘΑΙ
6,14,ΕΙ
6,14,ΜΗ
6,14,ΕΝ
6,14,ΤΩΙ
6,14,ΣΤΑΥΡΩΙ
6,14,ΤΟΥ
6,14,ΚΥΡΙΟΥ
6,14,ΗΜΩΝ
6,14,ΙΗΣΟΥ
6,14,ΧΡΙΣΤΟΥ
6,14,ΔΙΑ
6,14,ΟΥ
6,14,ΕΜΟΙ
6,14,ΚΟΣΜΟΣ
6,14,ΕΣΤΑΥΡΩΤΑΙ
6,14,ΚΑΓΩ
6,14,ΚΟΣΜΩΙ
6,15,ΟΥΤΕ
6,15,ΓΑΡ
6,15,ΠΕΡΙΤΟΜΗ
6,15,ΤΙ
6,15,ΕΣΤΙΝ
6,15,ΟΥΤΕ
6,15,ΑΚΡΟΒΥΣΤΙΑ
6,15,ΑΛΛΑ
6,15,ΚΑΙΝΗ
6,15,ΚΤΙΣΙΣ
6,16,ΚΑΙ
6,16,ΟΣΟΙ
6,16,ΤΩΙ
6,16,ΚΑΝΟΝΙ
6,16,ΤΟΥΤΩΙ
6,16,ΣΤΟΙΧΗΣΟΥΣΙΝ
6,16,ΕΙΡΗΝΗ
6,16,ΕΠΙ
6,16,ΑΥΤΟΥΣ
6,16,ΚΑΙ
6,16,ΕΛΕΟΣ
6,16,ΚΑΙ
6,16,ΕΠΙ
6,16,ΤΟΝ
6,16,ΙΣΡΑΗΛ
6,16,ΤΟΥ
6,16,ΘΕΟΥ
6,17,ΤΟΥ
6,17,ΛΟΙΠΟΥ
6,17,ΚΟΠΟΥΣ
6,17,ΜΟΙ
6,17,ΜΗΔΕΙΣ
6,17,ΠΑΡΕΧΕΤΩ
6,17,ΕΓΩ
6,17,ΓΑΡ
6,17,ΤΑ
6,17,ΣΤΙΓΜΑΤΑ
6,17,ΤΟΥ
6,17,ΙΗΣΟΥ
6,17,ΕΝ
6,17,ΤΩΙ
6,17,ΣΩΜΑΤΙ
6,17,ΜΟΥ
6,17,ΒΑΣΤΑΖΩ
6,18,Η
6,18,ΧΑΡΙΣ
6,18,ΤΟΥ
6,18,ΚΥΡΙΟΥ
6,18,ΗΜΩΝ
6,18,ΙΗΣΟΥ
6,18,ΧΡΙΣΤΟΥ
6,18,ΜΕΤΑ
6,18,ΤΟΥ
6,18,ΠΝΕΥΜΑΤΟΣ
6,18,ΥΜΩΝ
6,18,ΑΔΕΛΦΟΙ
6,18,ΑΜΗΝ
